[
    {"model":"restaurants.nutrient", "pk":1, "fields":{"code":"CARB", "name":"탄수화물", "unit":"g"}},
    {"model":"restaurants.nutrient", "pk":2, "fields":{"code":"SUGAR", "name":"당분", "unit":"g"}},
    {"model":"restaurants.nutrient", "pk":3, "fields":{"code":"PROTEIN", "name":"단백질", "unit":"g"}},
    {"model":"restaurants.nutrient", "pk":4, "fields":{"code":"FAT", "name":"지방", "unit":"g"}},
    {"model":"restaurants.nutrient", "pk":5, "fields":{"code":"SAT_fAT", "name":"포화지방", "unit":"g"}},
    {"model":"restaurants.nutrient", "pk":6, "fields":{"code":"FIBER", "name":"섬유질", "unit":"g"}},
    {"model":"restaurants.nutrient", "pk":7, "fields":{"code":"SODIUM", "name":"나트륨", "unit":"mg"}},
    {"model":"restaurants.nutrient", "pk":8, "fields":{"code":"POTASSIUM", "name":"칼륨", "unit":"mg"}},
    {"model":"restaurants.nutrient", "pk":9, "fields":{"code":"PHOSPHORUS", "name":"인", "unit":"mg"}},
    {"model":"restaurants.nutrient", "pk":10, "fields":{"code":"CALCIUM", "name":"칼슘", "unit":"mg"}},
    {"model":"restaurants.nutrient", "pk":11, "fields":{"code":"OMEGA-3", "name":"오메가-3", "unit":"g"}},
    {"model":"restaurants.nutrient", "pk":12, "fields":{"code":"VITAMIN-D", "name":"비타민D", "unit":"µg"}},
    {"model":"restaurants.nutrient", "pk":13, "fields":{"code":"WATER", "name":"수분", "unit":"ml"}},
    {"model":"restaurants.nutrient", "pk":14, "fields":{"code":"ENERGY", "name":"열량", "unit":"kcal"}},

    {"model":"restaurants.menunutrition","pk":1,"fields":{"menu":1,"nutrient":1,"amount":83.6}},
    {"model":"restaurants.menunutrition","pk":2,"fields":{"menu":1,"nutrient":2,"amount":2.32}},
    {"model":"restaurants.menunutrition","pk":3,"fields":{"menu":1,"nutrient":3,"amount":17.03}},
    {"model":"restaurants.menunutrition","pk":4,"fields":{"menu":1,"nutrient":4,"amount":11.89}},
    {"model":"restaurants.menunutrition","pk":5,"fields":{"menu":1,"nutrient":5,"amount":0}}, 
    {"model":"restaurants.menunutrition","pk":6,"fields":{"menu":1,"nutrient":6,"amount":6.5}},
    {"model":"restaurants.menunutrition","pk":7,"fields":{"menu":1,"nutrient":7,"amount":1473}},
    {"model":"restaurants.menunutrition","pk":8,"fields":{"menu":1,"nutrient":8,"amount":532}},
    {"model":"restaurants.menunutrition","pk":9,"fields":{"menu":1,"nutrient":9,"amount":215}},
    {"model":"restaurants.menunutrition","pk":10,"fields":{"menu":1,"nutrient":10,"amount":126}},
    {"model":"restaurants.menunutrition","pk":11,"fields":{"menu":1,"nutrient":11,"amount":0}},
    {"model":"restaurants.menunutrition","pk":12,"fields":{"menu":1,"nutrient":12,"amount":0}},
    {"model":"restaurants.menunutrition","pk":13,"fields":{"menu":1,"nutrient":13,"amount":380.8}},
    {"model":"restaurants.menunutrition","pk":14,"fields":{"menu":1,"nutrient":14,"amount":515}},

    {"model":"restaurants.menunutrition","pk":15,"fields":{"menu":2,"nutrient":1,"amount":87.98}},
    {"model":"restaurants.menunutrition","pk":16,"fields":{"menu":2,"nutrient":2,"amount":0.04}},
    {"model":"restaurants.menunutrition","pk":17,"fields":{"menu":2,"nutrient":3,"amount":16.86}},
    {"model":"restaurants.menunutrition","pk":18,"fields":{"menu":2,"nutrient":4,"amount":5.53}},
    {"model":"restaurants.menunutrition","pk":19,"fields":{"menu":2,"nutrient":5,"amount":0}},
    {"model":"restaurants.menunutrition","pk":20,"fields":{"menu":2,"nutrient":6,"amount":5.0}},
    {"model":"restaurants.menunutrition","pk":21,"fields":{"menu":2,"nutrient":7,"amount":954}},
    {"model":"restaurants.menunutrition","pk":22,"fields":{"menu":2,"nutrient":8,"amount":505}},
    {"model":"restaurants.menunutrition","pk":23,"fields":{"menu":2,"nutrient":9,"amount":221}},
    {"model":"restaurants.menunutrition","pk":24,"fields":{"menu":2,"nutrient":10,"amount":75}},
    {"model":"restaurants.menunutrition","pk":25,"fields":{"menu":2,"nutrient":11,"amount":0}},
    {"model":"restaurants.menunutrition","pk":26,"fields":{"menu":2,"nutrient":12,"amount":0}},
    {"model":"restaurants.menunutrition","pk":27,"fields":{"menu":2,"nutrient":13,"amount":384.8}},
    {"model":"restaurants.menunutrition","pk":28,"fields":{"menu":2,"nutrient":14,"amount":470}},

    {"model":"restaurants.menunutrition","pk":29,"fields":{"menu":3,"nutrient":1,"amount":82.32}},
    {"model":"restaurants.menunutrition","pk":30,"fields":{"menu":3,"nutrient":2,"amount":3.16}},
    {"model":"restaurants.menunutrition","pk":31,"fields":{"menu":3,"nutrient":3,"amount":18.06}},
    {"model":"restaurants.menunutrition","pk":32,"fields":{"menu":3,"nutrient":4,"amount":5.86}},
    {"model":"restaurants.menunutrition","pk":33,"fields":{"menu":3,"nutrient":5,"amount":0}},
    {"model":"restaurants.menunutrition","pk":34,"fields":{"menu":3,"nutrient":6,"amount":3.5}},
    {"model":"restaurants.menunutrition","pk":35,"fields":{"menu":3,"nutrient":7,"amount":1125}},
    {"model":"restaurants.menunutrition","pk":36,"fields":{"menu":3,"nutrient":8,"amount":229}},
    {"model":"restaurants.menunutrition","pk":37,"fields":{"menu":3,"nutrient":9,"amount":229}},
    {"model":"restaurants.menunutrition","pk":38,"fields":{"menu":3,"nutrient":10,"amount":72}},
    {"model":"restaurants.menunutrition","pk":39,"fields":{"menu":3,"nutrient":11,"amount":0}},
    {"model":"restaurants.menunutrition","pk":40,"fields":{"menu":3,"nutrient":12,"amount":0}},
    {"model":"restaurants.menunutrition","pk":41,"fields":{"menu":3,"nutrient":13,"amount":387.8}},
    {"model":"restaurants.menunutrition","pk":42,"fields":{"menu":3,"nutrient":14,"amount":458}},

    {"model":"restaurants.menunutrition","pk":43,"fields":{"menu":4,"nutrient":1,"amount":91.32}},
    {"model":"restaurants.menunutrition","pk":44,"fields":{"menu":4,"nutrient":2,"amount":4.7}},
    {"model":"restaurants.menunutrition","pk":45,"fields":{"menu":4,"nutrient":3,"amount":15.93}},
    {"model":"restaurants.menunutrition","pk":46,"fields":{"menu":4,"nutrient":4,"amount":9.94}},
    {"model":"restaurants.menunutrition","pk":47,"fields":{"menu":4,"nutrient":5,"amount":0}},
    {"model":"restaurants.menunutrition","pk":48,"fields":{"menu":4,"nutrient":6,"amount":4.7}},
    {"model":"restaurants.menunutrition","pk":49,"fields":{"menu":4,"nutrient":7,"amount":1161}},
    {"model":"restaurants.menunutrition","pk":50,"fields":{"menu":4,"nutrient":8,"amount":202}},
    {"model":"restaurants.menunutrition","pk":51,"fields":{"menu":4,"nutrient":9,"amount":182}},
    {"model":"restaurants.menunutrition","pk":52,"fields":{"menu":4,"nutrient":10,"amount":57}},
    {"model":"restaurants.menunutrition","pk":53,"fields":{"menu":4,"nutrient":11,"amount":0}},
    {"model":"restaurants.menunutrition","pk":54,"fields":{"menu":4,"nutrient":12,"amount":0}},
    {"model":"restaurants.menunutrition","pk":55,"fields":{"menu":4,"nutrient":13,"amount":375}},
    {"model":"restaurants.menunutrition","pk":56,"fields":{"menu":4,"nutrient":14,"amount":533}},

    {"model":"restaurants.menunutrition","pk":57,"fields":{"menu":5,"nutrient":1,"amount":79.42}},
    {"model":"restaurants.menunutrition","pk":58,"fields":{"menu":5,"nutrient":2,"amount":0.0}},
    {"model":"restaurants.menunutrition","pk":59,"fields":{"menu":5,"nutrient":3,"amount":21.81}},
    {"model":"restaurants.menunutrition","pk":60,"fields":{"menu":5,"nutrient":4,"amount":6.97}},
    {"model":"restaurants.menunutrition","pk":61,"fields":{"menu":5,"nutrient":5,"amount":0}},
    {"model":"restaurants.menunutrition","pk":62,"fields":{"menu":5,"nutrient":6,"amount":7.1}},
    {"model":"restaurants.menunutrition","pk":63,"fields":{"menu":5,"nutrient":7,"amount":726}},
    {"model":"restaurants.menunutrition","pk":64,"fields":{"menu":5,"nutrient":8,"amount":262}},
    {"model":"restaurants.menunutrition","pk":65,"fields":{"menu":5,"nutrient":9,"amount":266}},
    {"model":"restaurants.menunutrition","pk":66,"fields":{"menu":5,"nutrient":10,"amount":93}},
    {"model":"restaurants.menunutrition","pk":67,"fields":{"menu":5,"nutrient":11,"amount":0}},
    {"model":"restaurants.menunutrition","pk":68,"fields":{"menu":5,"nutrient":12,"amount":0}},
    {"model":"restaurants.menunutrition","pk":69,"fields":{"menu":5,"nutrient":13,"amount":386.8}},
    {"model":"restaurants.menunutrition","pk":70,"fields":{"menu":5,"nutrient":14,"amount":473}}
]