[
    {
      "model": "restaurants.menu",
      "pk":1,
      "fields": {
        "name": "김치찌개",
        "restaurant": 1,
        "category": 0,
        "image": "",
        "price": 7000,
        "ingredients": [1,2,3,4,5,6,7,8,9,10]
      }
    },
    {
      "model": "restaurants.menu",
      "pk":2,
      "fields": {
        "name": "된장찌개",
        "restaurant": 2,
        "category": 0,
        "image": "",
        "price": 7500,
        "ingredients": [11,6,7,8,9,12,13,14,10]
      }
    },
    {
      "model": "restaurants.menu",
      "pk":3,
      "fields": {
        "name": "순두부찌개",
        "restaurant": 3,
        "category": 0,
        "image": "",
        "price": 8000,
        "ingredients": [15,2,4,7,8,9,16,17,10]
      }
    },
    {
      "model": "restaurants.menu",
      "fields": {
        "name": "부대찌개",
        "restaurant": 4,
        "category": 0,
        "image": "",
        "price": 8500,
        "ingredients": [9,10]
      }
    },
    {
      "model": "restaurants.menu",
      "fields": {
        "name": "청국장",
        "restaurant": 5,
        "category": 0,
        "image": "",
        "price": 9000,
        "ingredients": [4,5,6,7,8,9,18,19,10]
      }
    },
    {
      "model": "restaurants.menu",
      "fields": {
        "name": "갈비탕",
        "restaurant": 6,
        "category": 0,
        "image": "",
        "price": 7800,
        "ingredients": [20,4,7,21,22,9,10]
      }
    },
    {
      "model": "restaurants.menu",
      "fields": {
        "name": "육개장",
        "restaurant": 7,
        "category": 0,
        "image": "",
        "price": 8200,
        "ingredients": [23,2,24,4,25,26,27]
      }
    },
    {
      "model": "restaurants.menu",
      "fields": {
        "name": "설렁탕",
        "restaurant": 8,
        "category": 0,
        "image": "",
        "price": 8800,
        "ingredients": [4,28,9,29,26,10]
      }
    },
    {
      "model": "restaurants.menu",
      "fields": {
        "name": "감자탕",
        "restaurant": 9,
        "category": 0,
        "image": "",
        "price": 7600,
        "ingredients": [30,2,31,4,32,11,9,33,10]
      }
    },
    {
      "model": "restaurants.menu",
      "fields": {
        "name": "해장국",
        "restaurant": 10,
        "category": 0,
        "image": "",
        "price": 8400,
        "ingredients": [2,4,34,7,35,9,27,10]
      }
    },
    {
      "model": "restaurants.menu",
      "fields": {
        "name": "곰탕",
        "restaurant": 1,
        "category": 0,
        "image": "",
        "price": 7900,
        "ingredients": [4,7,21,28,9,26,10]
      }
    },
    {
      "model": "restaurants.menu",
      "fields": {
        "name": "동태찌개",
        "restaurant": 2,
        "category": 0,
        "image": "",
        "price": 8300,
        "ingredients": [2,4,36,6,7,21,9,10]
      }
    },
    {
      "model": "restaurants.menu",
      "fields": {
        "name": "갈치조림",
        "restaurant": 3,
        "category": 0,
        "image": "",
        "price": 8700,
        "ingredients": [37,38,2,4,7,21]
      }
    },
    {
      "model": "restaurants.menu",
      "fields": {
        "name": "알탕",
        "restaurant": 4,
        "category": 0,
        "image": "",
        "price": 9100,
        "ingredients": [
          2,
          4,
          7,
          39,
          21,
          9,
          40,
          10
        ]
      }
    },
    {
      "model": "restaurants.menu",
      "fields": {
        "name": "순댓국",
        "restaurant": 5,
        "category": 0,
        "image": "",
        "price": 9200,
        "ingredients": [
          4,
          34,
          41,
          42,
          9,
          43,
          10
        ]
      }
    },
    {
      "model": "restaurants.menu",
      "fields": {
        "name": "콩나물국밥",
        "restaurant": 6,
        "category": 0,
        "image": "",
        "price": 7400,
        "ingredients": [
          44,
          45,
          4,
          7,
          8,
          9,
          27,
          10
        ]
      }
    },
    {
      "model": "restaurants.menu",
      "fields": {
        "name": "버섯찌개",
        "restaurant": 7,
        "category": 0,
        "image": "",
        "price": 7700,
        "ingredients": [
          46,
          4,
          7,
          8,
          9,
          47,
          48,
          10
        ]
      }
    },
    {
      "model": "restaurants.menu",
      "fields": {
        "name": "차돌된장찌개",
        "restaurant": 8,
        "category": 0,
        "image": "",
        "price": 8050,
        "ingredients": [
          11,
          6,
          7,
          8,
          9,
          12,
          13,
          49,
          14,
          10
        ]
      }
    },
    {
      "model": "restaurants.menu",
      "fields": {
        "name": "김치수제비",
        "restaurant": 9,
        "category": 0,
        "image": "",
        "price": 8350,
        "ingredients": [
          1,
          2,
          3,
          4,
          5,
          6,
          7,
          8,
          50
        ]
      }
    },
    {
      "model": "restaurants.menu",
      "fields": {
        "name": "해물순두부",
        "restaurant": 10,
        "category": 0,
        "image": "",
        "price": 8650,
        "ingredients": [
          15,
          2,
          4,
          7,
          8,
          16,
          17,
          51
        ]
      }
    },
    {
      "model": "restaurants.menu",
      "fields": {
        "name": "우거지탕",
        "restaurant": 1,
        "category": 0,
        "image": "",
        "price": 8950,
        "ingredients": [
          4,
          11,
          7,
          41,
          9,
          33,
          10
        ]
      }
    },
    {
      "model": "restaurants.menu",
      "fields": {
        "name": "사골우거지국",
        "restaurant": 2,
        "category": 0,
        "image": "",
        "price": 9150,
        "ingredients": [
          4,
          11,
          7,
          21,
          28,
          41,
          9,
          33,
          10
        ]
      }
    },
    {
      "model": "restaurants.menu",
      "fields": {
        "name": "북엇국",
        "restaurant": 3,
        "category": 0,
        "image": "",
        "price": 7550,
        "ingredients": [
          45,
          4,
          7,
          21,
          52,
          9,
          10
        ]
      }
    },
    {
      "model": "restaurants.menu",
      "fields": {
        "name": "짬뽕탕",
        "restaurant": 4,
        "category": 0,
        "image": "",
        "price": 7850,
        "ingredients": [
          2,
          7,
          8,
          9,
          53,
          13,
          51,
          10
        ]
      }
    },
    {
      "model": "restaurants.menu",
      "fields": {
        "name": "추어탕",
        "restaurant": 5,
        "category": 0,
        "image": "",
        "price": 8450,
        "ingredients": [
          4,
          34,
          7,
          54,
          9,
          55,
          10
        ]
      }
    },
    {
      "model": "restaurants.menu",
      "fields": {
        "name": "비빔밥",
        "restaurant": 6,
        "category": 1,
        "image": "",
        "price": 7000,
        "ingredients": [
          56,
          23,
          1,
          57,
          58,
          59,
          60,
          19
        ]
      }
    },
    {
      "model": "restaurants.menu",
      "fields": {
        "name": "불고기덮밥",
        "restaurant": 7,
        "category": 1,
        "image": "",
        "price": 7500,
        "ingredients": [
          37,
          7,
          61,
          62,
          59,
          13,
          60
        ]
      }
    },
    {
      "model": "restaurants.menu",
      "fields": {
        "name": "제육덮밥",
        "restaurant": 8,
        "category": 1,
        "image": "",
        "price": 8000,
        "ingredients": [
          1,
          2,
          4,
          5,
          7,
          61,
          59,
          13
        ]
      }
    },
    {
      "model": "restaurants.menu",
      "fields": {
        "name": "김치볶음밥",
        "restaurant": 9,
        "category": 1,
        "image": "",
        "price": 8500,
        "ingredients": [
          37,
          1,
          2,
          3,
          45,
          4,
          5,
          6,
          7,
          8,
          59
        ]
      }
    },
    {
      "model": "restaurants.menu",
      "fields": {
        "name": "새우볶음밥",
        "restaurant": 10,
        "category": 1,
        "image": "",
        "price": 9000,
        "ingredients": [
          45,
          4,
          63,
          59,
          13
        ]
      }
    },
    {
      "model": "restaurants.menu",
      "fields": {
        "name": "오므라이스",
        "restaurant": 1,
        "category": 1,
        "image": "",
        "price": 7800,
        "ingredients": [
          45,
          57,
          59,
          13,
          64,
          65
        ]
      }
    },
    {
      "model": "restaurants.menu",
      "fields": {
        "name": "카레라이스",
        "restaurant": 2,
        "category": 1,
        "image": "",
        "price": 8200,
        "ingredients": [
          30,
          57,
          59,
          13,
          66
        ]
      }
    },
    {
      "model": "restaurants.menu",
      "fields": {
        "name": "치킨마요덮밥",
        "restaurant": 3,
        "category": 1,
        "image": "",
        "price": 8800,
        "ingredients": [
          37,
          67,
          4,
          68,
          61,
          59
        ]
      }
    },
    {
      "model": "restaurants.menu",
      "fields": {
        "name": "소고기덮밥",
        "restaurant": 4,
        "category": 1,
        "image": "",
        "price": 7600,
        "ingredients": [
          69,
          37,
          61,
          62,
          59,
          13
        ]
      }
    },
    {
      "model": "restaurants.menu",
      "fields": {
        "name": "닭갈비덮밥",
        "restaurant": 5,
        "category": 1,
        "image": "",
        "price": 8400,
        "ingredients": [
          1,
          67,
          7,
          59,
          53,
          13
        ]
      }
    },
    {
      "model": "restaurants.menu",
      "fields": {
        "name": "돈까스카레",
        "restaurant": 6,
        "category": 1,
        "image": "",
        "price": 7900,
        "ingredients": [
          30,
          57,
          70,
          59,
          13,
          66
        ]
      }
    },
    {
      "model": "restaurants.menu",
      "fields": {
        "name": "차돌된장비빔밥",
        "restaurant": 7,
        "category": 1,
        "image": "",
        "price": 8300,
        "ingredients": [
          56,
          23,
          1,
          57,
          11,
          6,
          7,
          8,
          58,
          59,
          12,
          71,
          13,
          49,
          60,
          14,
          19
        ]
      }
    },
    {
      "model": "restaurants.menu",
      "fields": {
        "name": "참치마요덮밥",
        "restaurant": 8,
        "category": 1,
        "image": "",
        "price": 8700,
        "ingredients": [
          37,
          68,
          59,
          72,
          73
        ]
      }
    },
    {
      "model": "restaurants.menu",
      "fields": {
        "name": "낙지비빔밥",
        "restaurant": 9,
        "category": 1,
        "image": "",
        "price": 9100,
        "ingredients": [
          56,
          23,
          1,
          74,
          57,
          58,
          59,
          71,
          60,
          19
        ]
      }
    },
    {
      "model": "restaurants.menu",
      "fields": {
        "name": "마파두부덮밥",
        "restaurant": 10,
        "category": 1,
        "image": "",
        "price": 9200,
        "ingredients": [
          75,
          4,
          76,
          6,
          77,
          59
        ]
      }
    },
    {
      "model": "restaurants.menu",
      "fields": {
        "name": "소불고기비빔밥",
        "restaurant": 1,
        "category": 1,
        "image": "",
        "price": 7400,
        "ingredients": [
          37,
          56,
          23,
          1,
          57,
          7,
          61,
          62,
          58,
          59,
          13,
          60,
          19
        ]
      }
    },
    {
      "model": "restaurants.menu",
      "fields": {
        "name": "참치김치볶음밥",
        "restaurant": 2,
        "category": 1,
        "image": "",
        "price": 7700,
        "ingredients": [
          37,
          1,
          2,
          3,
          45,
          4,
          5,
          6,
          7,
          8,
          59,
          72
        ]
      }
    },
    {
      "model": "restaurants.menu",
      "fields": {
        "name": "계란볶음밥",
        "restaurant": 3,
        "category": 1,
        "image": "",
        "price": 8050,
        "ingredients": [
          37,
          45,
          4,
          59
        ]
      }
    },
    {
      "model": "restaurants.menu",
      "fields": {
        "name": "새우카레라이스",
        "restaurant": 4,
        "category": 1,
        "image": "",
        "price": 8350,
        "ingredients": [
          30,
          57,
          63,
          59,
          13,
          66
        ]
      }
    },
    {
      "model": "restaurants.menu",
      "fields": {
        "name": "쇠고기볶음밥",
        "restaurant": 5,
        "category": 1,
        "image": "",
        "price": 8650,
        "ingredients": [
          45,
          4,
          62,
          59,
          13
        ]
      }
    },
    {
      "model": "restaurants.menu",
      "fields": {
        "name": "버섯불고기덮밥",
        "restaurant": 6,
        "category": 1,
        "image": "",
        "price": 8950,
        "ingredients": [
          37,
          7,
          61,
          62,
          59,
          13,
          60,
          48
        ]
      }
    },
    {
      "model": "restaurants.menu",
      "fields": {
        "name": "스팸마요덮밥",
        "restaurant": 7,
        "category": 1,
        "image": "",
        "price": 9150,
        "ingredients": [
          37,
          45,
          68,
          78,
          59
        ]
      }
    },
    {
      "model": "restaurants.menu",
      "fields": {
        "name": "규동",
        "restaurant": 8,
        "category": 1,
        "image": "",
        "price": 7550,
        "ingredients": [
          69,
          37,
          61,
          62,
          59,
          13
        ]
      }
    },
    {
      "model": "restaurants.menu",
      "fields": {
        "name": "가츠동",
        "restaurant": 9,
        "category": 1,
        "image": "",
        "price": 7850,
        "ingredients": [
          69,
          37,
          45,
          70,
          59,
          13
        ]
      }
    },
    {
      "model": "restaurants.menu",
      "fields": {
        "name": "소보로덮밥",
        "restaurant": 10,
        "category": 1,
        "image": "",
        "price": 8450,
        "ingredients": [
          37,
          79,
          80,
          81,
          61,
          59,
          64
        ]
      }
    },
    {
      "model": "restaurants.menu",
      "fields": {
        "name": "전복죽",
        "restaurant": 1,
        "category": 2,
        "image": "",
        "price": 6000,
        "ingredients": [
          7,
          82,
          9,
          83,
          84,
          60
        ]
      }
    },
    {
      "model": "restaurants.menu",
      "fields": {
        "name": "소고기야채죽",
        "restaurant": 2,
        "category": 2,
        "image": "",
        "price": 6500,
        "ingredients": [
          57,
          82,
          62,
          9,
          83,
          12,
          71,
          13,
          60
        ]
      }
    },
    {
      "model": "restaurants.menu",
      "fields": {
        "name": "닭죽",
        "restaurant": 3,
        "category": 2,
        "image": "",
        "price": 7000,
        "ingredients": [
          67,
          57,
          4,
          82,
          9,
          83,
          10
        ]
      }
    },
    {
      "model": "restaurants.menu",
      "fields": {
        "name": "단호박죽",
        "restaurant": 4,
        "category": 2,
        "image": "",
        "price": 7500,
        "ingredients": [
          85,
          82,
          9,
          83,
          86
        ]
      }
    },
    {
      "model": "restaurants.menu",
      "fields": {
        "name": "버섯죽",
        "restaurant": 5,
        "category": 2,
        "image": "",
        "price": 8000,
        "ingredients": [
          46,
          82,
          9,
          83,
          47,
          48
        ]
      }
    },
    {
      "model": "restaurants.menu",
      "fields": {
        "name": "야채죽",
        "restaurant": 6,
        "category": 2,
        "image": "",
        "price": 6800,
        "ingredients": [
          57,
          82,
          9,
          83,
          12,
          71,
          13
        ]
      }
    },
    {
      "model": "restaurants.menu",
      "fields": {
        "name": "굴죽",
        "restaurant": 7,
        "category": 2,
        "image": "",
        "price": 7200,
        "ingredients": [
          87,
          7,
          82,
          9,
          83,
          60
        ]
      }
    },
    {
      "model": "restaurants.menu",
      "fields": {
        "name": "새우죽",
        "restaurant": 8,
        "category": 2,
        "image": "",
        "price": 7800,
        "ingredients": [
          7,
          82,
          63,
          9,
          83,
          60
        ]
      }
    },
    {
      "model": "restaurants.menu",
      "fields": {
        "name": "미역죽",
        "restaurant": 9,
        "category": 2,
        "image": "",
        "price": 6600,
        "ingredients": [
          82,
          88,
          9,
          83,
          60
        ]
      }
    },
    {
      "model": "restaurants.menu",
      "fields": {
        "name": "흑임자죽",
        "restaurant": 10,
        "category": 2,
        "image": "",
        "price": 7400,
        "ingredients": [
          82,
          9,
          83,
          86,
          89
        ]
      }
    }
  ]