[
    {
      "model": "restaurants.restaurant",
      "fields": {
        "name": "명지 장수오리",
        "address": "서울특별시 서대문구 모래내로 275, CN빌딩 1층 (홍은동)",
        "district_name": "홍은제1동",
        "district_code": "3120000",
        "phone": "02-3549-4021",
        "delivery_fee": 1500,
        "delivery_time": 30,
        "image": ""
      }
    },
    {
      "model": "restaurants.restaurant",
      "fields": {
        "name": "칠백식당",
        "address": "서울특별시 서대문구 통일로 149-1, 2층 (냉천동)",
        "district_name": "천연동",
        "district_code": "3120000",
        "phone": "02-4880-5054",
        "delivery_fee": 1500,
        "delivery_time": 20,
        "image": ""
      }
    },
    {
      "model": "restaurants.restaurant",
      "fields": {
        "name": "짬뽕주의",
        "address": "서울특별시 서대문구 충정로11길 12, 2층 (충정로2가)",
        "district_name": "충현동",
        "district_code": "3120000",
        "phone": "02-7971-1677",
        "delivery_fee": 1000,
        "delivery_time": 25,
        "image": ""
      }
    },
    {
      "model": "restaurants.restaurant",
      "fields": {
        "name": "형제옥",
        "address": "서울특별시 서대문구 충정로6안길 3, (미근동)",
        "district_name": "충현동",
        "district_code": "3120000",
        "phone": "02-3995-8476",
        "delivery_fee": 2000,
        "delivery_time": 15,
        "image": ""
      }
    },
    {
      "model": "restaurants.restaurant",
      "fields": {
        "name": "권가네 의정부부대찌개",
        "address": "서울특별시 서대문구 경기대로 57, (충정로2가)",
        "district_name": "충현동",
        "district_code": "3120000",
        "phone": "02-5170-6931",
        "delivery_fee": 500,
        "delivery_time": 45,
        "image": ""
      }
    },
    {
      "model": "restaurants.restaurant",
      "fields": {
        "name": "벨프레시푸드(주) 소반",
        "address": "서울특별시 서대문구 충정로 8, 종근당빌딩 지하1층 (충정로3가)",
        "district_name": "충현동",
        "district_code": "3120000",
        "phone": "02-6237-2607",
        "delivery_fee": 2000,
        "delivery_time": 25,
        "image": ""
      }
    },
    {
      "model": "restaurants.restaurant",
      "fields": {
        "name": "서대문 화우",
        "address": "서울특별시 서대문구 통일로9안길 32, (충정로2가)",
        "district_name": "충현동",
        "district_code": "3120000",
        "phone": "02-5540-1006",
        "delivery_fee": 2000,
        "delivery_time": 25,
        "image": ""
      }
    },
    {
      "model": "restaurants.restaurant",
      "fields": {
        "name": "한옥그레이스",
        "address": "서울특별시 서대문구 통일로9안길 28-5, (충정로2가)",
        "district_name": "충현동",
        "district_code": "3120000",
        "phone": "02-9290-5858",
        "delivery_fee": 1000,
        "delivery_time": 25,
        "image": ""
      }
    },
    {
      "model": "restaurants.restaurant",
      "fields": {
        "name": "북성해장국",
        "address": "서울특별시 서대문구 신촌로35길 7, (북아현동,(지상1층))",
        "district_name": "북아현동",
        "district_code": "3120000",
        "phone": "02-1641-9654",
        "delivery_fee": 500,
        "delivery_time": 25,
        "image": ""
      }
    },
    {
      "model": "restaurants.restaurant",
      "fields": {
        "name": "봉산식당",
        "address": "서울특별시 서대문구 세검정로 69, 1층 (홍제동)",
        "district_name": "홍제제3동",
        "district_code": "3120000",
        "phone": "02-3522-6989",
        "delivery_fee": 500,
        "delivery_time": 25,
        "image": ""
      }
    },
    {
      "model": "restaurants.restaurant",
      "fields": {
        "name": "달동네곰상",
        "address": "서울특별시 서대문구 통일로 442-11, 지층 (홍제동)",
        "district_name": "홍제제3동",
        "district_code": "3120000",
        "phone": "02-6079-6703",
        "delivery_fee": 1000,
        "delivery_time": 25,
        "image": ""
      }
    },
    {
      "model": "restaurants.restaurant",
      "fields": {
        "name": "가문의우동",
        "address": "서울특별시 서대문구 연세로12길 8, 1, 2층 (창천동)",
        "district_name": "신촌동",
        "district_code": "3120000",
        "phone": "02-1690-4091",
        "delivery_fee": 500,
        "delivery_time": 25,
        "image": ""
      }
    },
    {
      "model": "restaurants.restaurant",
      "fields": {
        "name": "조개일번지",
        "address": "서울특별시 서대문구 통일로9안길 16, (냉천동)",
        "district_name": "천연동",
        "district_code": "3120000",
        "phone": "02-3631-2034",
        "delivery_fee": 1000,
        "delivery_time": 25,
        "image": ""
      }
    },
    {
      "model": "restaurants.restaurant",
      "fields": {
        "name": "금옥당",
        "address": "서울특별시 서대문구 연희로11라길 2, 1층 (연희동)",
        "district_name": "연희동",
        "district_code": "3120000",
        "phone": "02-6116-8078",
        "delivery_fee": 1000,
        "delivery_time": 25,
        "image": ""
      }
    },
    {
      "model": "restaurants.restaurant",
      "fields": {
        "name": "소문난갈비",
        "address": "서울특별시 서대문구 수색로2길 10, (남가좌동)",
        "district_name": "남가좌제1동",
        "district_code": "3120000",
        "phone": "02-8971-2700",
        "delivery_fee": 1000,
        "delivery_time": 25,
        "image": ""
      }
    },
    {
      "model": "restaurants.restaurant",
      "fields": {
        "name": "한옥집",
        "address": "서울특별시 서대문구 통일로9길 12, 1층 (냉천동)",
        "district_name": "천연동",
        "district_code": "3120000",
        "phone": "02-4798-2334",
        "delivery_fee": 2000,
        "delivery_time": 25,
        "image": ""
      }
    },
    {
      "model": "restaurants.restaurant",
      "fields": {
        "name": "삼진",
        "address": "서울특별시 서대문구 대신동  85번지 1호  ,2,4,5,6,8",
        "district_name": "신촌동",
        "district_code": "3120000",
        "phone": "02-9791-3382",
        "delivery_fee": 1500,
        "delivery_time": 25,
        "image": ""
      }
    },
    {
      "model": "restaurants.restaurant",
      "fields": {
        "name": "황소서서갈비",
        "address": "서울특별시 서대문구 모래내로 279, 1층 (홍은동)",
        "district_name": "홍은제2동",
        "district_code": "3120000",
        "phone": "02-6273-4762",
        "delivery_fee": 2000,
        "delivery_time": 25,
        "image": ""
      }
    },
    {
      "model": "restaurants.restaurant",
      "fields": {
        "name": "신촌영양센타",
        "address": "서울특별시 서대문구 연세로4길 34, (창천동,(지상1층))",
        "district_name": "신촌동",
        "district_code": "3120000",
        "phone": "02-8594-6486",
        "delivery_fee": 1000,
        "delivery_time": 25,
        "image": ""
      }
    },
    {
      "model": "restaurants.restaurant",
      "fields": {
        "name": "식껍(서대문역점)",
        "address": "서울특별시 서대문구 통일로9안길 26, 1층 (충정로2가)",
        "district_name": "충현동",
        "district_code": "3120000",
        "phone": "02-9557-8903",
        "delivery_fee": 500,
        "delivery_time": 25,
        "image": ""
      }
    },
    {
      "model": "restaurants.restaurant",
      "fields": {
        "name": "평양옥",
        "address": "서울특별시 서대문구 통일로 107-23, (미근동)",
        "district_name": "충현동",
        "district_code": "3120000",
        "phone": "02-1542-7265",
        "delivery_fee": 2000,
        "delivery_time": 25,
        "image": ""
      }
    },
    {
      "model": "restaurants.restaurant",
      "fields": {
        "name": "긴자료코 연희점",
        "address": "서울특별시 서대문구 연희로12길 8, (연희동)",
        "district_name": "연희동",
        "district_code": "3120000",
        "phone": "02-1099-1977",
        "delivery_fee": 1000,
        "delivery_time": 25,
        "image": ""
      }
    },
    {
      "model": "restaurants.restaurant",
      "fields": {
        "name": "바른고기",
        "address": "서울특별시 서대문구 통일로 107-29, (미근동)",
        "district_name": "충현동",
        "district_code": "3120000",
        "phone": "02-4199-8497",
        "delivery_fee": 2000,
        "delivery_time": 25,
        "image": ""
      }
    },
    {
      "model": "restaurants.restaurant",
      "fields": {
        "name": "남길",
        "address": "서울특별시 서대문구 통일로 107-39, 1층 102호 (충정로2가)",
        "district_name": "충현동",
        "district_code": "3120000",
        "phone": "02-6642-7503",
        "delivery_fee": 500,
        "delivery_time": 25,
        "image": ""
      }
    },
    {
      "model": "restaurants.restaurant",
      "fields": {
        "name": "포방터쭈꾸미",
        "address": "서울특별시 서대문구 홍은중앙로 100-35, 1층 (홍은동)",
        "district_name": "홍은제1동",
        "district_code": "3120000",
        "phone": "02-8821-4178",
        "delivery_fee": 500,
        "delivery_time": 25,
        "image": ""
      }
    },
    {
      "model": "restaurants.restaurant",
      "fields": {
        "name": "한촌설렁탕 북가좌점",
        "address": "서울특별시 서대문구 응암로 67, (북가좌동)",
        "district_name": "북가좌제1동",
        "district_code": "3120000",
        "phone": "02-1844-1085",
        "delivery_fee": 2000,
        "delivery_time": 25,
        "image": ""
      }
    },
    {
      "model": "restaurants.restaurant",
      "fields": {
        "name": "연탄생고기집 홍은점",
        "address": "서울특별시 서대문구 모래내로 343, 1층 (홍은동)",
        "district_name": "홍은제2동",
        "district_code": "3120000",
        "phone": "02-1216-5965",
        "delivery_fee": 500,
        "delivery_time": 25,
        "image": ""
      }
    },
    {
      "model": "restaurants.restaurant",
      "fields": {
        "name": "골목식당",
        "address": "서울특별시 서대문구 통일로40안길 34, 1층 (홍제동)",
        "district_name": "홍제제3동",
        "district_code": "3120000",
        "phone": "02-4092-4365",
        "delivery_fee": 2000,
        "delivery_time": 25,
        "image": ""
      }
    },
    {
      "model": "restaurants.restaurant",
      "fields": {
        "name": "삼정식당",
        "address": "서울특별시 서대문구 거북골로 25-8, (남가좌동)",
        "district_name": "남가좌제2동",
        "district_code": "3120000",
        "phone": "02-4465-1469",
        "delivery_fee": 2000,
        "delivery_time": 25,
        "image": ""
      }
    },
    {
      "model": "restaurants.restaurant",
      "fields": {
        "name": "60계치킨 홍제홍은점",
        "address": "서울특별시 서대문구 세무서길 73, (홍제동,(지상1층))",
        "district_name": "홍제제1동",
        "district_code": "3120000",
        "phone": "02-9420-6198",
        "delivery_fee": 2000,
        "delivery_time": 25,
        "image": ""
      }
    },
    {
      "model": "restaurants.restaurant",
      "fields": {
        "name": "만나김밥",
        "address": "서울특별시 서대문구 이화여대2다길 23, 1층 103호 (대현동)",
        "district_name": "신촌동",
        "district_code": "3120000",
        "phone": "02-9992-8327",
        "delivery_fee": 1500,
        "delivery_time": 25,
        "image": ""
      }
    },
    {
      "model": "restaurants.restaurant",
      "fields": {
        "name": "등촌 샤브칼국수",
        "address": "서울특별시 서대문구 모래내로 273, (홍은동,(지상1,2층))",
        "district_name": "홍은제2동",
        "district_code": "3120000",
        "phone": "02-3104-6509",
        "delivery_fee": 500,
        "delivery_time": 25,
        "image": ""
      }
    },
    {
      "model": "restaurants.restaurant",
      "fields": {
        "name": "독박골맛있는집",
        "address": "서울특별시 서대문구 서소문로 61-7, (합동)",
        "district_name": "충현동",
        "district_code": "3120000",
        "phone": "02-6393-3845",
        "delivery_fee": 1500,
        "delivery_time": 25,
        "image": ""
      }
    },
    {
      "model": "restaurants.restaurant",
      "fields": {
        "name": "화포식당 가재울뉴타운점",
        "address": "서울특별시 서대문구 거북골로 84, 제상가2동 109-1호 (남가좌동, DMC에코자이)",
        "district_name": "남가좌제1동",
        "district_code": "3120000",
        "phone": "02-7419-5057",
        "delivery_fee": 1500,
        "delivery_time": 25,
        "image": ""
      }
    },
    {
      "model": "restaurants.restaurant",
      "fields": {
        "name": "파올로데마리아(Paolodemaria)",
        "address": "서울특별시 서대문구 연희로26길 24, 1층 (연희동)",
        "district_name": "연희동",
        "district_code": "3120000",
        "phone": "02-3814-7383",
        "delivery_fee": 1000,
        "delivery_time": 25,
        "image": ""
      }
    },
    {
      "model": "restaurants.restaurant",
      "fields": {
        "name": "초식곳간",
        "address": "서울특별시 서대문구 이화여대2가길 19, 1층 (대현동)",
        "district_name": "북아현동",
        "district_code": "3120000",
        "phone": "02-4372-9427",
        "delivery_fee": 1500,
        "delivery_time": 25,
        "image": ""
      }
    },
    {
      "model": "restaurants.restaurant",
      "fields": {
        "name": "연희곰탕",
        "address": "서울특별시 서대문구 증가로 17, 1층 (연희동)",
        "district_name": "연희동",
        "district_code": "3120000",
        "phone": "02-6000-7164",
        "delivery_fee": 500,
        "delivery_time": 25,
        "image": ""
      }
    },
    {
      "model": "restaurants.restaurant",
      "fields": {
        "name": "국가대패 북가좌점",
        "address": "서울특별시 서대문구 응암로 63, (북가좌동)",
        "district_name": "북가좌제1동",
        "district_code": "3120000",
        "phone": "02-5278-1073",
        "delivery_fee": 500,
        "image": ""
      }
    },
    {
      "model": "restaurants.restaurant",
      "fields": {
        "name": "서대문영양족발",
        "address": "서울특별시 서대문구 통일로 377, (홍제동, 지하1층,지상1층)",
        "district_name": "홍제제1동",
        "district_code": "3120000",
        "phone": "02-9255-4442",
        "delivery_fee": 500,
        "delivery_time": 25,
        "image": ""
      }
    },
    {
      "model": "restaurants.restaurant",
      "fields": {
        "name": "지호한방삼계탕 연희점",
        "address": "서울특별시 서대문구 연희로25길 10, (연희동,(지하1층~지상1층))",
        "district_name": "연희동",
        "district_code": "3120000",
        "phone": "02-8927-2866",
        "delivery_fee": 2000,
        "delivery_time": 25,
        "image": ""
      }
    },
    {
      "model": "restaurants.restaurant",
      "fields": {
        "name": "나주곰탕",
        "address": "서울특별시 서대문구 신촌역로 7, 신촌푸르지오시티 101, 102호 (대현동)",
        "district_name": "신촌동",
        "district_code": "3120000",
        "phone": "02-8148-8502",
        "delivery_fee": 1500,
        "delivery_time": 25,
        "image": ""
      }
    },
    {
      "model": "restaurants.restaurant",
      "fields": {
        "name": "주식회사 목란",
        "address": "서울특별시 서대문구 연희로15길 21, (연희동)",
        "district_name": "연희동",
        "district_code": "3120000",
        "phone": "02-4560-4245",
        "delivery_fee": 2000,
        "delivery_time": 25,
        "image": ""
      }
    },
    {
      "model": "restaurants.restaurant",
      "fields": {
        "name": "석산",
        "address": "서울특별시 서대문구 홍제내길 124, (홍제동,(지상2층))",
        "district_name": "홍제제1동",
        "district_code": "3120000",
        "phone": "02-7739-1146",
        "delivery_fee": 1500,
        "delivery_time": 25,
        "image": ""
      }
    },
    {
      "model": "restaurants.restaurant",
      "fields": {
        "name": "연희녹두삼계탕",
        "address": "서울특별시 서대문구 연희맛로 4, 동아빌딩 2층 (연희동)",
        "district_name": "연희동",
        "district_code": "3120000",
        "phone": "02-3470-8498",
        "delivery_fee": 1000,
        "delivery_time": 25,
        "image": ""
      }
    },
    {
      "model": "restaurants.restaurant",
      "fields": {
        "name": "어바웃샤브이대점",
        "address": "서울특별시 서대문구 이화여대8길 2, (대현동,(201호))",
        "district_name": "신촌동",
        "district_code": "3120000",
        "phone": "02-1943-8372",
        "delivery_fee": 500,
        "delivery_time": 25,
        "image": ""
      }
    },
    {
      "model": "restaurants.restaurant",
      "fields": {
        "name": "어바웃샤브 서대문점",
        "address": "서울특별시 서대문구 충정로 71, (충정로2가)",
        "district_name": "충현동",
        "district_code": "3120000",
        "phone": "02-5167-2077",
        "delivery_fee": 1500,
        "delivery_time": 25,
        "image": ""
      }
    },
    {
      "model": "restaurants.restaurant",
      "fields": {
        "name": "명당횟집",
        "address": "서울특별시 서대문구 응암로 87, (북가좌동)",
        "district_name": "북가좌제2동",
        "district_code": "3120000",
        "phone": "02-9379-1046",
        "delivery_fee": 500,
        "delivery_time": 25,
        "image": ""
      }
    },
    {
      "model": "restaurants.restaurant",
      "fields": {
        "name": "한방장수삼계탕",
        "address": "서울특별시 서대문구 통일로 111, (미근동)",
        "district_name": "충현동",
        "district_code": "3120000",
        "phone": "02-7066-3462",
        "delivery_fee": 500,
        "delivery_time": 25,
        "image": ""
      }
    },
    {
      "model": "restaurants.restaurant",
      "fields": {
        "name": "마포참숯불갈비",
        "address": "서울특별시 서대문구 응암로 145, (북가좌동,,40)",
        "district_name": "북가좌제2동",
        "district_code": "3120000",
        "phone": "02-6854-4955",
        "delivery_fee": 1500,
        "delivery_time": 25,
        "image": ""
      }
    },
    {
      "model": "restaurants.restaurant",
      "fields": {
        "name": "주식회사 목란",
        "address": "서울특별시 서대문구 연희로15길 21, (연희동)",
        "district_name": "연희동",
        "district_code": "3120000",
        "phone": "02-4739-5203",
        "delivery_fee": 1500,
        "delivery_time": 25,
        "image": ""
      }
    },
    {
      "model": "restaurants.restaurant",
      "fields": {
        "name": "한우본가갈비",
        "address": "서울특별시 서대문구 홍은중앙로 81, (홍은동,동일아파트 상가1층 2,3호)",
        "district_name": "홍은제1동",
        "district_code": "3120000",
        "phone": "02-2990-3443",
        "delivery_fee": 500,
        "delivery_time": 25,
        "image": ""
      }
    },
    {
      "model": "restaurants.restaurant",
      "fields": {
        "name": "당진아구찜동태찜탕",
        "address": "서울특별시 서대문구 응암로 91, 1층 (북가좌동)",
        "district_name": "북가좌제2동",
        "district_code": "3120000",
        "phone": "02-6206-2881",
        "delivery_fee": 1000,
        "delivery_time": 25,
        "image": ""
      }
    },
    {
      "model": "restaurants.restaurant",
      "fields": {
        "name": "연화",
        "address": "서울특별시 서대문구 통일로9안길 32, (충정로2가)",
        "district_name": "충현동",
        "district_code": "3120000",
        "phone": "02-7903-1006",
        "delivery_fee": 1000,
        "delivery_time": 25,
        "image": ""
      }
    },
    {
      "model": "restaurants.restaurant",
      "fields": {
        "name": "오계절 남원추어탕",
        "address": "서울특별시 서대문구 연희로 267, 2층 (홍은동)",
        "district_name": "홍은제2동",
        "district_code": "3120000",
        "phone": "02-8341-9590",
        "delivery_fee": 2000,
        "delivery_time": 25,
        "image": ""
      }
    },
    {
      "model": "restaurants.restaurant",
      "fields": {
        "name": "평택고여사집냉면",
        "address": "서울특별시 서대문구 연희로 81-9, (연희동,(지상1층))",
        "district_name": "연희동",
        "district_code": "3120000",
        "phone": "02-1304-2546",
        "delivery_fee": 2000,
        "delivery_time": 25,
        "image": ""
      }
    },
    {
      "model": "restaurants.restaurant",
      "fields": {
        "name": "하노이의아침",
        "address": "서울특별시 서대문구 연희맛로 10, (연희동,지상1층)",
        "district_name": "연희동",
        "district_code": "3120000",
        "phone": "02-6405-9389",
        "delivery_fee": 500,
        "delivery_time": 25,
        "image": ""
      }
    },
    {
      "model": "restaurants.restaurant",
      "fields": {
        "name": "사조미가",
        "address": "서울특별시 서대문구 통일로 107-39, 2층 (충정로2가)",
        "district_name": "충현동",
        "district_code": "3120000",
        "phone": "02-1282-3361",
        "delivery_fee": 1500,
        "delivery_time": 25,
        "image": ""
      }
    },
    {
      "model": "restaurants.restaurant",
      "fields": {
        "name": "사조미가",
        "address": "서울특별시 서대문구 통일로 107-39, 2층 (충정로2가)",
        "district_name": "충현동",
        "district_code": "3120000",
        "phone": "02-3016-1744",
        "delivery_fee": 500,
        "delivery_time": 25,
        "image": ""
      }
    },
    {
      "model": "restaurants.restaurant",
      "fields": {
        "name": "미소",
        "address": "서울특별시 서대문구 충정로 53, (충정로2가,유원골든타워 지하1층)",
        "district_name": "충현동",
        "district_code": "3120000",
        "phone": "02-2748-8801",
        "delivery_fee": 500,
        "delivery_time": 35,
        "image": ""
      }
    },
    {
      "model": "restaurants.restaurant",
      "fields": {
        "name": "강수사",
        "address": "서울특별시 서대문구 연희로 157, (연희동, 1,2층)",
        "district_name": "연희동",
        "district_code": "3120000",
        "phone": "02-4436-7394",
        "delivery_fee": 2000,
        "delivery_time": 35,
        "image": ""
      }
    },
    {
      "model": "restaurants.restaurant",
      "fields": {
        "name": "춘향골 남원추어탕",
        "address": "서울특별시 서대문구 연희로 262-17, (홍은동,가호)",
        "district_name": "홍은제2동",
        "district_code": "3120000",
        "phone": "02-7350-7962",
        "delivery_fee": 1000,
        "delivery_time": 35,
        "image": ""
      }
    },
    {
      "model": "restaurants.restaurant",
      "fields": {
        "name": "민스키친",
        "address": "서울특별시 서대문구 연희맛로 7, (연희동)",
        "district_name": "연희동",
        "district_code": "3120000",
        "phone": "02-6641-3648",
        "delivery_fee": 500,
        "delivery_time": 35,
        "image": ""
      }
    },
    {
      "model": "restaurants.restaurant",
      "fields": {
        "name": "사조참치전문점",
        "address": "서울특별시 서대문구 통일로 107-39, (충정로2가)",
        "district_name": "충현동",
        "district_code": "3120000",
        "phone": "02-9346-3089",
        "delivery_fee": 1000,
        "delivery_time": 35,
        "image": ""
      }
    },
    {
      "model": "restaurants.restaurant",
      "fields": {
        "name": "한우명가",
        "address": "서울특별시 서대문구 연희로 46-1, (연희동)",
        "district_name": "연희동",
        "district_code": "3120000",
        "phone": "02-5136-5254",
        "delivery_fee": 1500,
        "delivery_time": 35,
        "image": ""
      }
    },
    {
      "model": "restaurants.restaurant",
      "fields": {
        "name": "동강참치",
        "address": "서울특별시 서대문구 연세로2길 79, (대현동)",
        "district_name": "신촌동",
        "district_code": "3120000",
        "phone": "02-4441-7710",
        "delivery_fee": 1500,
        "delivery_time": 35,
        "image": ""
      }
    },
    {
      "model": "restaurants.restaurant",
      "fields": {
        "name": "함평면옥",
        "address": "서울특별시 서대문구 성산로 533, 하늬솔빌딩 2층 (대신동)",
        "district_name": "신촌동",
        "district_code": "3120000",
        "phone": "02-3608-4948",
        "delivery_fee": 1500,
        "delivery_time": 35,
        "image": ""
      }
    },
    {
      "model": "restaurants.restaurant",
      "fields": {
        "name": "월순 철판 동태찜",
        "address": "서울특별시 서대문구 연희맛로 17-14, 지상1층 (연희동)",
        "district_name": "연희동",
        "district_code": "3120000",
        "phone": "02-7388-8518",
        "delivery_fee": 500,
        "delivery_time": 35,
        "image": ""
      }
    },
    {
      "model": "restaurants.restaurant",
      "fields": {
        "name": "닭한마리",
        "address": "서울특별시 서대문구 연세로2길 77, (대현동)",
        "district_name": "신촌동",
        "district_code": "3120000",
        "phone": "02-7874-6528",
        "delivery_fee": 1000,
        "delivery_time": 35,
        "image": ""
      }
    },
    {
      "model": "restaurants.restaurant",
      "fields": {
        "name": "지호한방삼계탕 연희점",
        "address": "서울특별시 서대문구 연희로25길 10, (연희동,(지하1층~지상1층))",
        "district_name": "연희동",
        "district_code": "3120000",
        "phone": "02-7367-3415",
        "delivery_fee": 1000,
        "delivery_time": 35,
        "image": ""
      }
    },
    {
      "model": "restaurants.restaurant",
      "fields": {
        "name": "백년추어탕",
        "address": "서울특별시 서대문구 증가로 9, (연희동)",
        "district_name": "연희동",
        "district_code": "3120000",
        "phone": "02-1024-4907",
        "delivery_fee": 500,
        "delivery_time": 35,
        "image": ""
      }
    },
    {
      "model": "restaurants.restaurant",
      "fields": {
        "name": "김인옥의 충정로 함흥냉면",
        "address": "서울특별시 서대문구 충정로 7, 구세군빌딩 지하2층 1호 (충정로3가)",
        "district_name": "충현동",
        "district_code": "3120000",
        "phone": "02-5983-9019",
        "delivery_fee": 1000,
        "delivery_time": 35,
        "image": ""
      }
    },
    {
      "model": "restaurants.restaurant",
      "fields": {
        "name": "벽제갈비",
        "address": "서울특별시 서대문구 명물길 22, (창천동,,13-109, 13-114 (지하1층, 지상2,3층))",
        "district_name": "신촌동",
        "district_code": "3120000",
        "phone": "02-2622-7692",
        "delivery_fee": 500,
        "delivery_time": 35,
        "image": ""
      }
    },
    {
      "model": "restaurants.restaurant",
      "fields": {
        "name": "거북골숯불갈비",
        "address": "서울특별시 서대문구 증가로 215, (북가좌동)",
        "district_name": "북가좌제2동",
        "district_code": "3120000",
        "phone": "02-4021-7481",
        "delivery_fee": 1000,
        "delivery_time": 35,
        "image": ""
      }
    },
    {
      "model": "restaurants.restaurant",
      "fields": {
        "name": "사조미가",
        "address": "서울특별시 서대문구 통일로 107-39, 2층 (충정로2가)",
        "district_name": "충현동",
        "district_code": "3120000",
        "phone": "02-6795-7883",
        "delivery_fee": 500,
        "delivery_time": 35,
        "image": ""
      }
    },
    {
      "model": "restaurants.restaurant",
      "fields": {
        "name": "황토골 옹기집",
        "address": "서울특별시 서대문구 서소문로 21, 충정타워빌딩 117,118호 (충정로3가)",
        "district_name": "충현동",
        "district_code": "3120000",
        "phone": "02-3730-1298",
        "delivery_fee": 1500,
        "delivery_time": 35,
        "image": ""
      }
    },
    {
      "model": "restaurants.restaurant",
      "fields": {
        "name": "신원당감자탕",
        "address": "서울특별시 서대문구 서소문로 63, (미근동)",
        "district_name": "충현동",
        "district_code": "3120000",
        "phone": "02-4718-7356",
        "delivery_fee": 500,
        "delivery_time": 35,
        "image": ""
      }
    },
    {
      "model": "restaurants.restaurant",
      "fields": {
        "name": "차이나",
        "address": "서울특별시 서대문구 가좌로 142, (홍은동)",
        "district_name": "홍은제2동",
        "district_code": "3120000",
        "phone": "02-4203-9932",
        "delivery_fee": 1000,
        "delivery_time": 35,
        "image": ""
      }
    },
    {
      "model": "restaurants.restaurant",
      "fields": {
        "name": "황토골 옹기집",
        "address": "서울특별시 서대문구 서소문로 21, 충정타워빌딩 117,118호 (충정로3가)",
        "district_name": "충현동",
        "district_code": "3120000",
        "phone": "02-5097-3026",
        "delivery_fee": 1000,
        "delivery_time": 35,
        "image": ""
      }
    },
    {
      "model": "restaurants.restaurant",
      "fields": {
        "name": "난향",
        "address": "서울특별시 서대문구 신촌로 67, (창천동)",
        "district_name": "신촌동",
        "district_code": "3120000",
        "phone": "02-2086-3773",
        "delivery_fee": 1500,
        "delivery_time": 35,
        "image": ""
      }
    },
    {
      "model": "restaurants.restaurant",
      "fields": {
        "name": "압구정샤브샤브",
        "address": "서울특별시 서대문구 연대동문길 26, (대신동)",
        "district_name": "신촌동",
        "district_code": "3120000",
        "phone": "02-1671-8006",
        "delivery_fee": 1500,
        "delivery_time": 35,
        "image": ""
      }
    },
    {
      "model": "restaurants.restaurant",
      "fields": {
        "name": "난향",
        "address": "서울특별시 서대문구 신촌로 67, (창천동)",
        "district_name": "신촌동",
        "district_code": "3120000",
        "phone": "02-2171-3872",
        "delivery_fee": 2000,
        "delivery_time": 35,
        "image": ""
      }
    },
    {
      "model": "restaurants.restaurant",
      "fields": {
        "name": "압구정샤브샤브",
        "address": "서울특별시 서대문구 연대동문길 26, (대신동)",
        "district_name": "신촌동",
        "district_code": "3120000",
        "phone": "02-4811-7230",
        "delivery_fee": 2000,
        "delivery_time": 35,
        "image": ""
      }
    },
    {
      "model": "restaurants.restaurant",
      "fields": {
        "name": "난향",
        "address": "서울특별시 서대문구 신촌로 67, (창천동)",
        "district_name": "신촌동",
        "district_code": "3120000",
        "phone": "02-8580-1161",
        "delivery_fee": 2000,
        "delivery_time": 35,
        "image": ""
      }
    },
    {
      "model": "restaurants.restaurant",
      "fields": {
        "name": "주식회사 목란",
        "address": "서울특별시 서대문구 연희로15길 21, (연희동)",
        "district_name": "연희동",
        "district_code": "3120000",
        "phone": "02-6106-3204",
        "delivery_fee": 1000,
        "delivery_time": 35,
        "image": ""
      }
    },
    {
      "model": "restaurants.restaurant",
      "fields": {
        "name": "주식회사 목란",
        "address": "서울특별시 서대문구 연희로15길 21, (연희동)",
        "district_name": "연희동",
        "district_code": "3120000",
        "phone": "02-5117-4774",
        "delivery_fee": 1500,
        "delivery_time": 35,
        "image": ""
      }
    },
    {
      "model": "restaurants.restaurant",
      "fields": {
        "name": "삼호복집",
        "address": "서울특별시 서대문구 연세로5다길 10, (창천동,(지상2,3층))",
        "district_name": "신촌동",
        "district_code": "3120000",
        "phone": "02-1764-4369",
        "delivery_fee": 1000,
        "delivery_time": 35,
        "image": ""
      }
    },
    {
      "model": "restaurants.restaurant",
      "fields": {
        "name": "봉추찜닭 신촌점",
        "address": "서울특별시 서대문구 명물길 27-23, (창천동,(지하1층~지상1층))",
        "district_name": "신촌동",
        "district_code": "3120000",
        "phone": "02-1940-1481",
        "delivery_fee": 1000,
        "delivery_time": 35,
        "image": ""
      }
    },
    {
      "model": "restaurants.restaurant",
      "fields": {
        "name": "봉추찜닭 신촌점",
        "address": "서울특별시 서대문구 명물길 27-23, (창천동,(지하1층~지상1층))",
        "district_name": "신촌동",
        "district_code": "3120000",
        "phone": "02-8251-1724",
        "delivery_fee": 1500,
        "delivery_time": 35,
        "image": ""
      }
    },
    {
      "model": "restaurants.restaurant",
      "fields": {
        "name": "고기랑",
        "address": "서울특별시 서대문구 연세로5다길 16, 1층 (창천동)",
        "district_name": "신촌동",
        "district_code": "3120000",
        "phone": "02-4685-5720",
        "delivery_fee": 1000,
        "delivery_time": 35,
        "image": ""
      }
    },
    {
      "model": "restaurants.restaurant",
      "fields": {
        "name": "고기랑",
        "address": "서울특별시 서대문구 연세로5다길 16, 1층 (창천동)",
        "district_name": "신촌동",
        "district_code": "3120000",
        "phone": "02-3175-5515",
        "delivery_fee": 2000,
        "delivery_time": 45,
        "image": ""
      }
    },
    {
      "model": "restaurants.restaurant",
      "fields": {
        "name": "삼호복집",
        "address": "서울특별시 서대문구 연세로5다길 10, (창천동,(지상2,3층))",
        "district_name": "신촌동",
        "district_code": "3120000",
        "phone": "02-5287-1949",
        "delivery_fee": 2000,
        "delivery_time": 45,
        "image": ""
      }
    },
    {
      "model": "restaurants.restaurant",
      "fields": {
        "name": "청송면옥",
        "address": "서울특별시 서대문구 연희맛로 6, (연희동)",
        "district_name": "연희동",
        "district_code": "3120000",
        "phone": "02-5133-9265",
        "delivery_fee": 500,
        "delivery_time": 45,
        "image": ""
      }
    },
    {
      "model": "restaurants.restaurant",
      "fields": {
        "name": "백암",
        "address": "서울특별시 서대문구 증가로 13-6, (연희동)",
        "district_name": "연희동",
        "district_code": "3120000",
        "phone": "02-9053-9473",
        "delivery_fee": 1500,
        "delivery_time": 45,
        "image": ""
      }
    },
    {
      "model": "restaurants.restaurant",
      "fields": {
        "name": "살빼고",
        "address": "서울특별시 서대문구 북아현로 68, (북아현동)",
        "district_name": "충현동",
        "district_code": "3120000",
        "phone": "02-6578-3001",
        "delivery_fee": 1500,
        "delivery_time": 45,
        "image": ""
      }
    },
    {
      "model": "restaurants.restaurant",
      "fields": {
        "name": "살빼고",
        "address": "서울특별시 서대문구 북아현로 68, (북아현동)",
        "district_name": "충현동",
        "district_code": "3120000",
        "phone": "02-6053-8927",
        "delivery_fee": 1000,
        "delivery_time": 45,
        "image": ""
      }
    },
    {
      "model": "restaurants.restaurant",
      "fields": {
        "name": "한옥그레이스",
        "address": "서울특별시 서대문구 통일로9안길 28-5, (충정로2가)",
        "district_name": "충현동",
        "district_code": "3120000",
        "phone": "02-2370-6897",
        "delivery_fee": 500,
        "delivery_time": 45,
        "image": ""
      }
    },
    {
      "model": "restaurants.restaurant",
      "fields": {
        "name": "한옥그레이스",
        "address": "서울특별시 서대문구 통일로9안길 28-5, (충정로2가)",
        "district_name": "충현동",
        "district_code": "3120000",
        "phone": "02-6814-2109",
        "delivery_fee": 1500,
        "delivery_time": 45,
        "image": ""
      }
    },
    {
      "model": "restaurants.restaurant",
      "fields": {
        "name": "한옥그레이스",
        "address": "서울특별시 서대문구 통일로9안길 28-5, (충정로2가)",
        "district_name": "충현동",
        "district_code": "3120000",
        "phone": "02-4628-4152",
        "delivery_fee": 2000,
        "delivery_time": 45,
        "image": ""
      }
    },
    {
      "model": "restaurants.restaurant",
      "fields": {
        "name": "장군보쌈",
        "address": "서울특별시 서대문구 수색로 28-5, (남가좌동)",
        "district_name": "남가좌제1동",
        "district_code": "3120000",
        "phone": "02-1990-2970",
        "delivery_fee": 1000,
        "delivery_time": 45,
        "image": ""
      }
    },
    {
      "model": "restaurants.restaurant",
      "fields": {
        "name": "장군보쌈",
        "address": "서울특별시 서대문구 수색로 28-5, (남가좌동)",
        "district_name": "남가좌제1동",
        "district_code": "3120000",
        "phone": "02-2920-3249",
        "delivery_fee": 2000,
        "delivery_time": 45,
        "image": ""
      }
    },
    {
      "model": "restaurants.restaurant",
      "fields": {
        "name": "청송면옥",
        "address": "서울특별시 서대문구 연희맛로 6, (연희동)",
        "district_name": "연희동",
        "district_code": "3120000",
        "phone": "02-7241-4407",
        "delivery_fee": 500,
        "delivery_time": 45,
        "image": ""
      }
    },
    {
      "model": "restaurants.restaurant",
      "fields": {
        "name": "백암",
        "address": "서울특별시 서대문구 증가로 13-6, (연희동)",
        "district_name": "연희동",
        "district_code": "3120000",
        "phone": "02-9621-7321",
        "delivery_fee": 1000,
        "delivery_time": 45,
        "image": ""
      }
    },
    {
      "model": "restaurants.restaurant",
      "fields": {
        "name": "장군보쌈",
        "address": "서울특별시 서대문구 수색로 28-5, (남가좌동)",
        "district_name": "남가좌제1동",
        "district_code": "3120000",
        "phone": "02-3040-2607",
        "delivery_fee": 2000,
        "delivery_time": 45,
        "image": ""
      }
    },
    {
      "model": "restaurants.restaurant",
      "fields": {
        "name": "풍년갈비",
        "address": "서울특별시 서대문구 통일로 495, (홍은동,,92-3)",
        "district_name": "홍은제2동",
        "district_code": "3120000",
        "phone": "02-1238-9785",
        "delivery_fee": 1000,
        "delivery_time": 45,
        "image": ""
      }
    },
    {
      "model": "restaurants.restaurant",
      "fields": {
        "name": "시골칼국수",
        "address": "서울특별시 서대문구 충정로5길 2, (충정로3가, 2층)",
        "district_name": "충현동",
        "district_code": "3120000",
        "phone": "02-7138-2518",
        "delivery_fee": 500,
        "delivery_time": 45,
        "image": ""
      }
    },
    {
      "model": "restaurants.restaurant",
      "fields": {
        "name": "무안갯벌낙지",
        "address": "서울특별시 서대문구 응암로1길 3, (북가좌동)",
        "district_name": "북가좌제1동",
        "district_code": "3120000",
        "phone": "02-6935-3329",
        "delivery_fee": 2000,
        "delivery_time": 45,
        "image": ""
      }
    },
    {
      "model": "restaurants.restaurant",
      "fields": {
        "name": "육쌈냉면(신촌점)",
        "address": "서울특별시 서대문구 연세로 19, (창천동, 지하1층)",
        "district_name": "신촌동",
        "district_code": "3120000",
        "phone": "02-5203-6978",
        "delivery_fee": 1000,
        "delivery_time": 45,
        "image": ""
      }
    },
    {
      "model": "restaurants.restaurant",
      "fields": {
        "name": "만리장성",
        "address": "서울특별시 서대문구 통일로 392, (홍제동,(지상2층))",
        "district_name": "홍제제2동",
        "district_code": "3120000",
        "phone": "02-7777-9568",
        "delivery_fee": 1500,
        "delivery_time": 45,
        "image": ""
      }
    },
    {
      "model": "restaurants.restaurant",
      "fields": {
        "name": "원마산아구찜 홍제점",
        "address": "서울특별시 서대문구 통일로 387, (홍제동,(지상1층))",
        "district_name": "홍제제1동",
        "district_code": "3120000",
        "phone": "02-6672-3754",
        "delivery_fee": 1500,
        "delivery_time": 45,
        "image": ""
      }
    },
    {
      "model": "restaurants.restaurant",
      "fields": {
        "name": "연희김밥",
        "address": "서울특별시 서대문구 연희로11가길 2, (연희동)",
        "district_name": "연희동",
        "district_code": "3120000",
        "phone": "02-1053-9266",
        "delivery_fee": 2000,
        "delivery_time": 45,
        "image": ""
      }
    },
    {
      "model": "restaurants.restaurant",
      "fields": {
        "name": "목포세발낙지",
        "address": "서울특별시 서대문구 통일로 451-39, (홍제동)",
        "district_name": "홍제제1동",
        "district_code": "3120000",
        "phone": "02-9859-4827",
        "delivery_fee": 1500,
        "delivery_time": 45,
        "image": ""
      }
    },
    {
      "model": "restaurants.restaurant",
      "fields": {
        "name": "스시마쯔",
        "address": "서울특별시 서대문구 연희로 166, 1층 (연희동)",
        "district_name": "연희동",
        "district_code": "3120000",
        "phone": "02-3769-8364",
        "delivery_fee": 1000,
        "delivery_time": 45,
        "image": ""
      }
    },
    {
      "model": "restaurants.restaurant",
      "fields": {
        "name": "신촌형제갈비",
        "address": "서울특별시 서대문구 명물1길 2, (창천동,(지상5층))",
        "district_name": "신촌동",
        "district_code": "3120000",
        "phone": "02-5252-8466",
        "delivery_fee": 1000,
        "delivery_time": 45,
        "image": ""
      }
    },
    {
      "model": "restaurants.restaurant",
      "fields": {
        "name": "모래내설농탕",
        "address": "서울특별시 서대문구 모래내로 271, 1층 (홍은동)",
        "district_name": "홍은제2동",
        "district_code": "3120000",
        "phone": "02-2742-5194",
        "delivery_fee": 2000,
        "delivery_time": 45,
        "image": ""
      }
    },
    {
      "model": "restaurants.restaurant",
      "fields": {
        "name": "이동갈비",
        "address": "서울특별시 서대문구 연세로12길 22, (창천동,,3)",
        "district_name": "신촌동",
        "district_code": "3120000",
        "phone": "02-1122-4465",
        "delivery_fee": 1000,
        "delivery_time": 45,
        "image": ""
      }
    },
    {
      "model": "restaurants.restaurant",
      "fields": {
        "name": "짚불집",
        "address": "서울특별시 서대문구 연희로8길 5-3, 지상1~2층 (연희동)",
        "district_name": "연희동",
        "district_code": "3120000",
        "phone": "02-3320-7624",
        "delivery_fee": 2000,
        "delivery_time": 45,
        "image": ""
      }
    },
    {
      "model": "restaurants.restaurant",
      "fields": {
        "name": "세양원",
        "address": "서울특별시 서대문구 충정로 8, 지하1층 (충정로3가)",
        "district_name": "충현동",
        "district_code": "3120000",
        "phone": "02-9283-3831",
        "delivery_fee": 2000,
        "delivery_time": 45,
        "image": ""
      }
    },
    {
      "model": "restaurants.restaurant",
      "fields": {
        "name": "흥부전",
        "address": "서울특별시 서대문구 통일로 474, 1층 (홍제동)",
        "district_name": "홍제제3동",
        "district_code": "3120000",
        "phone": "02-1954-4567",
        "delivery_fee": 2000,
        "delivery_time": 45,
        "image": ""
      }
    },
    {
      "model": "restaurants.restaurant",
      "fields": {
        "name": "연희 화로",
        "address": "서울특별시 서대문구 모래내로 376, 지1층 (연희동, 제니스APT)",
        "district_name": "연희동",
        "district_code": "3120000",
        "phone": "02-3985-1034",
        "delivery_fee": 2000,
        "delivery_time": 45,
        "image": ""
      }
    },
    {
      "model": "restaurants.restaurant",
      "fields": {
        "name": "팔방",
        "address": "서울특별시 서대문구 가재울로6길 53-42, 1~2층 (남가좌동)",
        "district_name": "남가좌제2동",
        "district_code": "3120000",
        "phone": "02-8609-5123",
        "delivery_fee": 2000,
        "delivery_time": 45,
        "image": ""
      }
    },
    {
      "model": "restaurants.restaurant",
      "fields": {
        "name": "선미 식당",
        "address": "서울특별시 서대문구 간호대로 21, 현빌딩 1층 (홍제동)",
        "district_name": "홍제제3동",
        "district_code": "3120000",
        "phone": "02-3772-9372",
        "delivery_fee": 500,
        "delivery_time": 45,
        "image": ""
      }
    },
    {
      "model": "restaurants.restaurant",
      "fields": {
        "name": "왔다 산아나고구이",
        "address": "서울특별시 서대문구 응암로1길 4, (북가좌동)",
        "district_name": "북가좌제2동",
        "district_code": "3120000",
        "phone": "02-4734-7072",
        "delivery_fee": 500,
        "delivery_time": 45,
        "image": ""
      }
    },
    {
      "model": "restaurants.restaurant",
      "fields": {
        "name": "장모님 국수랑전",
        "address": "서울특별시 서대문구 가재울미래로 2, 상가221동 1층 101-2호 (남가좌동, DMC파크뷰자이)",
        "district_name": "남가좌제1동",
        "district_code": "3120000",
        "phone": "02-8440-7512",
        "delivery_fee": 2000,
        "delivery_time": 20,
        "image": ""
      }
    },
    {
      "model": "restaurants.restaurant",
      "fields": {
        "name": "수빈떡갈비",
        "address": "서울특별시 서대문구 연희로25길 31-3, (연희동, 1,2층)",
        "district_name": "연희동",
        "district_code": "3120000",
        "phone": "02-5854-2283",
        "delivery_fee": 1000,
        "delivery_time": 20,
        "image": ""
      }
    },
    {
      "model": "restaurants.restaurant",
      "fields": {
        "name": "노다지",
        "address": "서울특별시 서대문구 충정로11길 8, 지층 (충정로2가)",
        "district_name": "충현동",
        "district_code": "3120000",
        "phone": "02-4360-6672",
        "delivery_fee": 2000,
        "delivery_time": 20,
        "image": ""
      }
    },
    {
      "model": "restaurants.restaurant",
      "fields": {
        "name": "솜씨방",
        "address": "서울특별시 서대문구 북아현로2길 11, (북아현동)",
        "district_name": "북아현동",
        "district_code": "3120000",
        "phone": "02-9891-3940",
        "delivery_fee": 1500,
        "delivery_time": 20,
        "image": ""
      }
    },
    {
      "model": "restaurants.restaurant",
      "fields": {
        "name": "명물아구찜",
        "address": "서울특별시 서대문구 충정로2길 19, (충정로3가,(지상1층))",
        "district_name": "충현동",
        "district_code": "3120000",
        "phone": "02-9106-9837",
        "delivery_fee": 1500,
        "delivery_time": 20,
        "image": ""
      }
    },
    {
      "model": "restaurants.restaurant",
      "fields": {
        "name": "풍년갈비",
        "address": "서울특별시 서대문구 통일로 495, (홍은동,,92-3)",
        "district_name": "홍은제2동",
        "district_code": "3120000",
        "phone": "02-1294-6721",
        "delivery_fee": 1000,
        "delivery_time": 20,
        "image": ""
      }
    },
    {
      "model": "restaurants.restaurant",
      "fields": {
        "name": "본가서대문족발",
        "address": "서울특별시 서대문구 충정로 59, 101호 (충정로2가, 서대문디오빌)",
        "district_name": "충현동",
        "district_code": "3120000",
        "phone": "02-6501-1197",
        "delivery_fee": 1500,
        "delivery_time": 20,
        "image": ""
      }
    },
    {
      "model": "restaurants.restaurant",
      "fields": {
        "name": "벌떡 장어",
        "address": "서울특별시 서대문구 연희로 213, (연희동)",
        "district_name": "연희동",
        "district_code": "3120000",
        "phone": "02-5914-7663",
        "delivery_fee": 1000,
        "delivery_time": 20,
        "image": ""
      }
    },
    {
      "model": "restaurants.restaurant",
      "fields": {
        "name": "김가네",
        "address": "서울특별시 서대문구 신촌로 173, 1층 (대현동)",
        "district_name": "신촌동",
        "district_code": "3120000",
        "phone": "02-6850-8458",
        "delivery_fee": 1500,
        "delivery_time": 20,
        "image": ""
      }
    },
    {
      "model": "restaurants.restaurant",
      "fields": {
        "name": "봉평 옹심이 메밀 막국수",
        "address": "서울특별시 서대문구 응암로 89, 1층 (북가좌동)",
        "district_name": "북가좌제2동",
        "district_code": "3120000",
        "phone": "02-4546-7590",
        "delivery_fee": 1500,
        "delivery_time": 20,
        "image": ""
      }
    },
    {
      "model": "restaurants.restaurant",
      "fields": {
        "name": "연대북문 우리집",
        "address": "서울특별시 서대문구 연희로26길 23, (연희동)",
        "district_name": "연희동",
        "district_code": "3120000",
        "phone": "02-1629-2552",
        "delivery_fee": 1000,
        "delivery_time": 20,
        "image": ""
      }
    },
    {
      "model": "restaurants.restaurant",
      "fields": {
        "name": "웅네 서서갈비",
        "address": "서울특별시 서대문구 신촌역로 13-1, 1층 (대현동)",
        "district_name": "신촌동",
        "district_code": "3120000",
        "phone": "02-3681-8221",
        "delivery_fee": 2000,
        "delivery_time": 20,
        "image": ""
      }
    },
    {
      "model": "restaurants.restaurant",
      "fields": {
        "name": "산천마루 누룽지백숙 삼계탕 간장게장",
        "address": "서울특별시 서대문구 세검정로1길 21, 1~2층 (홍은동)",
        "district_name": "홍은제1동",
        "district_code": "3120000",
        "phone": "02-3297-5857",
        "delivery_fee": 500,
        "delivery_time": 20,
        "image": ""
      }
    },
    {
      "model": "restaurants.restaurant",
      "fields": {
        "name": "최고집바지락생칼국수",
        "address": "서울특별시 서대문구 응암로 59, (북가좌동)",
        "district_name": "북가좌제1동",
        "district_code": "3120000",
        "phone": "02-8172-2551",
        "delivery_fee": 1500,
        "delivery_time": 20,
        "image": ""
      }
    },
    {
      "model": "restaurants.restaurant",
      "fields": {
        "name": "서대문아구찜",
        "address": "서울특별시 서대문구 연희로 271, 지상2층 (홍은동)",
        "district_name": "홍은제2동",
        "district_code": "3120000",
        "phone": "02-9260-7227",
        "delivery_fee": 2000,
        "delivery_time": 20,
        "image": ""
      }
    },
    {
      "model": "restaurants.restaurant",
      "fields": {
        "name": "본전회관",
        "address": "서울특별시 서대문구 수색로2길 15, (남가좌동,,30,45)",
        "district_name": "남가좌제2동",
        "district_code": "3120000",
        "phone": "02-2917-2093",
        "delivery_fee": 1000,
        "delivery_time": 20,
        "image": ""
      }
    },
    {
      "model": "restaurants.restaurant",
      "fields": {
        "name": "본전회관",
        "address": "서울특별시 서대문구 수색로2길 15, (남가좌동,,30,45)",
        "district_name": "남가좌제2동",
        "district_code": "3120000",
        "phone": "02-6399-2780",
        "delivery_fee": 1000,
        "delivery_time": 20,
        "image": ""
      }
    },
    {
      "model": "restaurants.restaurant",
      "fields": {
        "name": "본전회관",
        "address": "서울특별시 서대문구 수색로2길 15, (남가좌동,,30,45)",
        "district_name": "남가좌제2동",
        "district_code": "3120000",
        "phone": "02-6819-1105",
        "delivery_fee": 2000,
        "delivery_time": 20,
        "image": ""
      }
    },
    {
      "model": "restaurants.restaurant",
      "fields": {
        "name": "풍년갈비",
        "address": "서울특별시 서대문구 통일로 495, (홍은동,,92-3)",
        "district_name": "홍은제2동",
        "district_code": "3120000",
        "phone": "02-1351-6080",
        "delivery_fee": 2000,
        "delivery_time": 20,
        "image": ""
      }
    }
  ]